{
    "$schema": "http://json-schema.org/draft-04/schema#",
    "type": "object",
    "properties": {
      "name": {
        "type": "string"
      },
      "email": {
        "type": "string"
      },
      "income": {
        "type": "integer"
      },
      "amount": {
        "type": "integer"
      },
      "workYears": {
        "type": "integer"
      },
      "sector": {
        "type": "integer"
      },
      "frequency": {
        "type": "integer"
      },
      "payTime": {
        "type": "integer"
      }
    },
    "required": [
      "name",
      "email",
      "income",
      "amount",
      "workYears",
      "sector",
      "frequency",
      "payTime"
    ]
  }
    